{"cameraMode":{"drawMode":0,"name":"Shaded","section":"Shading Mode"},"sceneLighting":true,"audioPlay":false,"sceneViewState":{"m_AlwaysRefresh":false,"showFog":true,"showSkybox":true,"showFlares":true,"showImageEffects":true,"showParticleSystems":true,"showVisualEffectGraphs":true,"m_FxEnabled":true},"in2DMode":false,"pivot":{"x":15.487854957580567,"y":32.341487884521487,"z":4.743343830108643},"rotation":{"x":0.027740830555558206,"y":0.9671844244003296,"z":-0.12104043364524842,"w":0.2216659039258957},"size":0.5910458564758301,"orthographic":false}