{"cameraMode":{"drawMode":0,"name":"Shaded","section":"Shading Mode"},"sceneLighting":true,"audioPlay":false,"sceneViewState":{"m_AlwaysRefresh":false,"showFog":true,"showSkybox":true,"showFlares":true,"showImageEffects":true,"showParticleSystems":true,"showVisualEffectGraphs":true,"m_FxEnabled":true},"in2DMode":false,"pivot":{"x":-5.250667572021484,"y":30.643939971923829,"z":0.006757259368896484},"rotation":{"x":0.15639838576316834,"y":-0.07490622997283936,"z":0.011896893382072449,"w":0.9847797155380249},"size":1.346526861190796,"orthographic":false}