{"cameraMode":{"drawMode":0,"name":"Shaded","section":"Shading Mode"},"sceneLighting":false,"audioPlay":false,"sceneViewState":{"m_AlwaysRefresh":false,"showFog":true,"showSkybox":false,"showFlares":true,"showImageEffects":true,"showParticleSystems":true,"showVisualEffectGraphs":true,"m_FxEnabled":true},"in2DMode":false,"pivot":{"x":-8.4252347946167,"y":1.0873801708221436,"z":29.990798950195314},"rotation":{"x":0.09468871355056763,"y":0.15465287864208222,"z":-0.014892407692968846,"w":0.9833086133003235},"size":1.9791748523712159,"orthographic":true}